name,pIC50
ejm_31_ref,7.019960334
ejm_42_ref,7.19656311
ejm_43_ref,6.078078864
ejm_44_ref,5.459969149
ejm_45_ref,7.034677232
ejm_46_ref,8.322405805
ejm_47_ref,7.137695518
ejm_48_ref,6.622604089
ejm_49_ref,5.702797965
ejm_50_ref,6.607887191
ejm_54_ref,7.748446784
ejm_55_ref,6.777131518
jmc_23_ref,8.609385316
jmc_27_ref,8.300330458
jmc_28_ref,8.079576989
jmc_30_ref,8.050143193
