name,pIC50
1d_ref,6.070720415
5_ref,5.577704333
3b_ref,5.783740904
1b_ref,6.225247844
7a_ref,6.048645068
6a_ref,6.755056171
6e_ref,6.556378048
3a_ref,6.122229558
1a_ref,5.504119843
1c_ref,6.298832333
6b_ref,6.54166115
