name,pIC50
17_ref,5.180348087353155
20_ref,6.416567517289705
21_ref,5.761665557382842
22_ref,5.783740904345995
26_ref,6.2031724966458945
28_ref,8.1752368253542
29_ref,7.270147599864941
30_ref,7.218638456950918
31_ref,7.019960334282542
32_ref,7.1744877630246116
1h1q_ref,6.0192112719529565
1h1r_ref,5.643930373579361
1h1s_ref,8.278255111182245
1oi9_ref,7.167129314036895
1oiu_ref,6.681471680847536
1oiy_ref,7.203921558975482
